name,id,dlc,featureflag,icon,slot,elite,charge,chargeEffect,cooldown,duration,shots,group,stars,experience,requiresUnitType,unlockCost,executeCost,trigger,traits,order type,target,target restrictions,radius,effect,effect2,effect3,effect4,effect5,followup
//,,,,icon id,slot of unit buttons (default start of the row),elite icon id, ,,,how long it keeps running; 0 or infinite means infinite duration. Note; this interferes with shots,,,,,Ability will be disabled when the unit is not of a matching type. Used for elite abilities that are only enabled in certain modes: for example shredder. Use translation key xxx_requiresUnitType to specify a tooltip to show.,Resources cost in territory mode to UNLOCK this ability,Resources cost in territory mode to EXECUTE this ability,,,,,,effectRadius; applies to the effects,,,,,,
// FEDERATION,,,,,,,,,,,,,,,,,,,,,,,,,,,,,
,,,,,,,,,,,,,,,,,,,,,,,,,,,,,
// RIFLE SQUAD,,,,,,,,,,,,,,,,,,,,,,,,,,,,,
Grenade,41,base,FleetDLC,,,,,,30,infinite,1,default,/,/,,,,,,fire,area,,6,weapon = Concussion_Grenade 0,,,,,
Shotgun,94,base,FleetDLC,1,,0,,,30,12,,default,3,/,,30,,,unlockable,action,none,,,changeweapon = Shotgun 0,,,,,
Bundled_Grenades,126,base,,2,,1,,,30,infinite,1,default,3,/,,30,,,unlockable,fire,area,,,weapon = Bundled_Grenades 0,,,,,
,,,,,,,,,,,,,,,,,,,,,,,,,,,,,
// HEAVY TROOPERS,,,,,,,,,,,,,,,,,,,,,,,,,,,,,
Grenade_Barrage,73,base,,3,,,,,30,infinite,5,default,/,/,,,,,,fire,area,,,weapon = Morita_MkII_Volley,,,,,
Flak_Grenades,74,base,,4,,8,,,30,infinite,10,default,3,/,,50,,,unlockable,fire,area,,,weapon = Morita_MkII_Flak,,,,,
Ripper_Barrage,71,base,,5,,9,,,30,infinite,4,default,3,/,,50,,,unlockable,fire,area,,,weapon = Ripper_Grenade,,,,,
,,,,,,,,,,,,,,,,,,,,,,,,,,,,,
// ENGINEERS,,,,,,,,,,,,,,,,,,,,,,,,,,,,,
Fire_Grenade,106,base,,20,,,,,30,infinite,1,default,/,/,,,,,,fire,area,,3,weapon = Fire_Grenade 0,,,,,
Blazing_Spear,103,base,,21,,2,,,30,infinite,1,default,3,/,,30,,,unlockable,fire,area,,,weapon = Blazing_Spear,,,,,
Demolition_Charge,70,base,,22,,3,,,30,0,/,default,3,200,,30,,,unlockable,action,area,range: 3,6,spawn = Demolition_Charge,,,,,
Activate_Demolition_Charge,24,base,,23,,,,,/,0,/,default,/,/,,,,,,no order,none,,,switch = Demolition_Charge_Short,,,,,
,,,,,,,,,,,,,,,,,,,,,,,,,,,,,
// SNIPER TEAM,,,,,,,,,,,,,,,,,,,,,,,,,,,,,
Sprint,58,base,,9,,,,,30,10,,default,/,/,,,,,,no order,none,,,stat = speed 170% ; timeBetweenAttacks 30% ; range 30%,//trait = shootThroughSoldiers false,,,,
Crippling_Shot,44,base,,8,,4,,,30,/,1,default,3,/,,30,,,unlockable,fire,unit,unit: (alliance: enemy),,weapon = Crippling_Shot,,,,,
Sensor_Flare,2,base,,10,,5,,,30,infinite,1,default,3,/,,30,,,unlockable,fire,area,,,weapon = Sensor_Flare 0,,,,,
,,,,,,,,,,,,,,,,,,,,,,,,,,,,,
// ROCKETEERS,,,,,,,,,,,,,,,,,,,,,,,,,,,,,
HE_Rocket,97,base,,12,,,,,40,infinite,1,default,/,/,,,,,,fire,area,,,weapon = HE_Rocket 0,,,,,
Canister_Rocket,50,base,,13,,10,,,40,infinite,1,default,3,/,,50,,,unlockable,fire,area,,,weapon = Canister_Rocket 0,,,,,
Fire_Rocket,77,base,,11,,11,,,40,infinite,1,default,3,/,,50,,,unlockable,fire,area,,5,weapon = Fire_Rocket 0,,,,,
Klendathu_Nuke,76,base,,/,,,,,/,infinite,1,default,/,/,,,,,editorOnly,fire,area,,,weapon = Klendathu_Nuke 0,,,,,
,,,,,,,,,,,,,,,,,,,,,,,,,,,,,
// RADIO OPERATOR,,,,,,,,,,,,,,,,,,,,,,,,,,,,,
Reinforce,39,base,,27,,,,,30,0,,default,/,400,,,,,,action,area,range: 14; walkRange: 28; tile: (notBlocked; requireFlat; noLandingPads; reachable; requireTileCenter),6,createdropsite = (),,,,,
Dropship_Strike,160,base,,28,,6,,,30,15,,default,3,/,,30,,,unlockable,action,area,range: 6,15,spawn = ADR-4_Thor,,,,,
Propaganda_Broadcast,99,base,,29,,7,,,30,infinite,1,default,3,/,,30,,,unlockable,fire,none,,20,weapon = Radio_Propaganda,stat_aoe = timeBetweenAttacks 80% ; affects: friendly,,,,
,,,,,,,,,,,,,,,,,,,,,,,,,,,,,
// TACTICAL OFFICER,,,,,,,,,,,,,,,,,,,,,,,,,,,,,
Designate_Target,17,base,,17,,,,,30,infinite,1,default,/,200,,,,,,fire,area,,6,weapon = Designated_Target_Flare 0,,,,,
Tactical_Command,129,base,,19,,13,,,30,15,,default,3,/,,30,,,unlockable,action,unit,range: 6; unit: (alliance: friendly),,stat = speed 150%,stat = timeBetweenAttacks 20%,,,,
Inspiring_Command,130,base,,18,,12,,,30,15,,default,3,/,,30,,,unlockable,no order,none,,10,stat_aoe = timeBetweenAttacks 50% ; affects: friendly,trait = suppressionImmune,,,,
,,,,,,,,,,,,,,,,,,,,,,,,,,,,,
// FLEET LIAISON,,,,,,,,,,,,,,,,,,,,,,,,,,,,,
TAC_Strike,133,base,,32,,,,,30,0,,default,/,400,,,,,,action,direction,range: 50,8,timeline = TAC_Strike,,,,,
Marines_Drop,134,base,,33,,16,,,30,0,,default,3,/,,50,,,unlockable; useSpawnTypeCost,action,area,range:40; walkRange: 60; tile: (notBlocked; requireFlat; noLandingPads; reachable; requireTileCenter),6,deploy = Marines,,,,,
Orbital_Strike,57,base,,34,,17,,,30,15,,default,3,/,,50,,,unlockable,action,area,range: 70,20,timeline = Orbital_Strike,,,,,
TAC_Strike_Cutscene,12,base,,32,,,,,1,0,,/,/,/,,,,,editorOnly,action,direction,,8,timeline = TAC_Strike,,,,,
TAC_Strike_Tripple,5,base,,/,,,,,1,0,/,/,/,/,,,,,editorOnly,action,direction,,,timeline = TAC_Strike_Triple,,,,,
TAC_FlyBy,13,base,,/,,,,,1,0,/,/,/,/,,,,,editorOnly,action,direction,,,timeline = TAC_FlyBy,,,,,
,,,,,,,,,,,,,,,,,,,,,,,,,,,,,
// E-PULSE,,,,,,,,,,,,,,,,,,,,,,,,,,,,,
Battery_Overload,14,base,,24,,,,,30,10,,default,/,/,,,,,,no order,none,,,changeweapon = E-Pulse_44_Boosted 0,,,,,Battery_Depleted
Battery_Depleted,15,base,,/,,,,,/,10,,default,/,/,,,,,hidden,no order,none,,,overheat = 10,,,,,
Battery_Bomb,4,base,,25,,14,,,30,infinite,1,default,3,/,,50,,,unlockable,fire,area,range: 10,,weapon = Battery_Projectile 0,,,,,
E-Pulse_Welder,45,base,,92,,20,,,/,0,,/,3,/,,50,,OnUnlock,unlockable,no order,none,,,switch = E-Pulse_Welders,,,,,
E-Pulse_Welder_Active,46,base,,92,,20,,,/,0,,/,3,/,,,,,hidden,no order,none,,,,,,,,
Battery_Light,9,base,,26,,,,,30,10,,default,/,/,,,,,hidden,no order,none,,,trait = nightVision,stat = timeBetweenAttacks 120%,,,,
,,,,,,,,,,,,,,,,,,,,,,,,,,,,,
// MARAUDER,,,,,,,,,,,,,,,,,,,,,,,,,,,,,
M11_Mortar_Barrage,22,base,,39,,22,,,60,infinite,1,default,3,/,,100,,,unlockable,fire,area,,15,weapon = M11_Mortar 2,,,,,
M11_Jet_Blast,110,base,,38,,23,,,60,infinite,1,default,3,/,,100,,,unlockable,fire,none,,,weapon = M11_Jet_Blast,,,,,
M11_Fire_Blast,111,base,,107,,23,,,60,infinite,1,default,3,/,,100,,,unlockable,fire,none,,,weapon = M11_Fire_Blast,,,,,
M11_AA_Barrage,112,base,,4,,22,,,60,infinite,1,default,3,/,,100,,,unlockable,fire,area,,,weapon = M11_AA_Burst 2,,,,,
M11_Shrapnel_Barrage,113,base,,5,,22,,,60,infinite,1,default,/,/,,,,,,fire,area,,,weapon = M11_Shrapnel_Burst 2,,,,,
,,,,,,,,,,,,,,,,,,,,,,,,,,,,,
// POWER ARMOR,,,,,,,,,,,,,,,,,,,,,,,,,,,,,
Activate_Jetpack,52,base,,44,,,,,/,0,,/,/,/,,,,,,no order,none,,,switch = default,,,,,
Deactivate_Jetpack,53,base,,45,,,,,/,0,,/,/,/,,,,,,no order,none,,,switch = default,,,,,
Rocket_Pack,55,base,,46,,18,,,/,0,,/,3,/,,100,,OnUnlock,unlockable,no order,none,,,switch = Power_Rocketeers,,,,,
Heavy_AR,54,base,,47,,19,,,/,0,,/,3,/,,100,,OnUnlock,unlockable,no order,none,,,switch = Power_Heavy,,,,,
Engineering_tools,56,base,,43,,20,,,/,0,,/,3,/,,100,,OnUnlock,unlockable,no order,none,,,switch = Power_Engineers,,,,,
Rocket_Pack_Unlocked,155,base,,46,,18,,,/,0,,/,3,/,,,,,hidden,no order,none,,,,,,,,
Heavy_AR_Unlocked,154,base,,47,,19,,,/,0,,/,3,/,,,,,hidden,no order,none,,,,,,,,
Engineering_tools_Unlocked,156,base,,43,,20,,,/,0,,/,3,/,,,,,hidden,no order,none,,,,,,,,
,,,,,,,,,,,,,,,,,,,,,,,,,,,,,
// CHEMICAL TROOPER,,,,,,,,,,,,,,,,,,,,,,,,,,,,,
Gas_Volley,1004,base,,35,,,,,30,infinite,5,default,/,/,,,,,,fire,area,,,weapon = Insecticide_Volley,,,,,
Gas_Canister,1005,base,,36,,24,,,30,0,,default,3,/,,50,,,unlockable,action,none,,,spawn = Gas_Canister,,,,,
Gasthrower,1007,base,,37,,25,,,30,12,,default,3,/,,50,,,unlockable,action,none,,,changeweapon = Gasthrower 0,,,,,
Insecticide_Gas,1000,base,,/,,,,,/,infinite,1,,,/,,,,OnSpawn,,fire,none,,,weapon = Insecticide_Gas,,,,,
,,,,,,,,,,,,,,,,,,,,,,,,,,,,,
,,,,,,,,,,,,,,,,,,,,,,,,,,,,,
// MISC,,,,,,,,,,,,,,,,,,,,,,,,,,,,,
Gate_Open,68,base,,7,,,1.4 nocancel,,/,0,,,,,,,,,,no order,none,,,switch = default,,,,,
Gate_Close,69,base,,6,,,1.4 nocancel,,/,0,,,,,,,,,,no order,none,,,switch = default,,,,,
Repair_To_Default,121,base,,/,,,,,/,0,,,,,,,,OnHealth(100),hidden,no order,none,,,switch = default,,,,,
Pre_Aim,98,base,,15,,,,,,infinite,1,,,,,,,,,fire,area,,,weapon = Fake_Weapon,,,,,
Door_DropSite_Switch,3463,base,,/,,,2.5 nocancel,,/,0,,,,,,,,,,no order,none,,,switch = default,,,,,
Gate_Tall_Open,3464,base,,7,,,2.75 nocancel,Gate_Dust,/,0,,,,,,,,,,no order,none,,,switch = default,,,,,
Gate_Tall_Close,3465,base,,6,,,2.75 nocancel,Gate_Dust,/,0,,,,,,,,,,no order,none,,,switch = default,,,,,
Gate_Traffic_Open,3473,base,,7,,,2 nocancel,,/,0,,,,,,,,,,no order,none,,,switch = default,,,,,
Gate_Traffic_Close,3474,base,,6,,,2 nocancel,,/,0,,,,,,,,,,no order,none,,,switch = default,,,,,
,,,,,,,,,,,,,,,,,,,,,,,,,,,,,
// Buildings,,,,,,,,,,,,,,,,,,,,,,,,,,,,,
Demolish,200,base,,54,,,,,/,0,,,,,,,,,,no order,none,,,kill = (),,,,,
Manual_Switch,202,base,,/,,,,,/,0,,,,,,,,,,no order,none,,,switch = default,,,,,
Terminal_Turn_On,122,base,,/,,,,,/,0,,,,,,,,OnCapture,,no order,none,,,switch = default,,,,,
,,,,,,,,,,,,,,,,,,,,,,,,,,,,,
OnCapture_Switch,1009,base,,/,,,,,/,0,,,,,,,,OnCapture,hidden,no order,none,,,switch = default,,,,,
Turret_Switch_AA,1002,base,,47,,,3,,/,0,,/,,/,,,,,,no order,none,,,switch = default,,,,,
Turret_Switch_Default,1003,base,,47,,,3,,/,0,,/,,/,,,,,,no order,none,,,switch = default,,,,,
,,,,,,,,,,,,,,,,,,,,,,,,,,,,,
,,,,,,,,,,,,,,,,,,,,,,,,,,,,,
// ARACHNID,,,,,,,,,,,,,,,,,,,,,,,,,,,,,
,,,,,,,,,,,,,,,,,,,,,,,,,,,,,
// PLASMA BUG,,,,,,,,,,,,,,,,,,,,,,,,,,,,,
Plasma_Strike,11,base,,/,,,,,60,infinite,1,,,,,,,,hidden,fire,area,,,weapon = Plasma,destinationMarker = type: PlasmaStrike; radius: effectRadius; minimap: PlasmaStrike; minimapColor: 129 111 233; notification: notification_plasma_warning; voiceClip: plasma_warning,,,,
Plasma_Strike_Scripted,78,base,,/,,,,,/,infinite,1,,,,,,,,editorOnly,fire,area,,,weapon = Plasma_Long,destinationMarker = type: PlasmaStrike; radius: effectRadius; minimap: PlasmaStrike; minimapColor: 129 111 233; notification: notification_plasma_warning; voiceClip: plasma_warning,,,,
Plasma_Orbital_Scripted,42,base,,/,,,,,/,infinite,1,,,,,,,,editorOnly,fire,area,,,weapon = Plasma_Orbital,,,,,
,,,,,,,,,,,,,,,,,,,,,,,,,,,,,
// TANKER BUG,,,,,,,,,,,,,,,,,,,,,,,,,,,,,
Acid_Pool,18,base,,/,,,,,/,infinite,1,,,/,,,,OnSpawn,,fire,none,,,weapon = Tanker_Acid_Burn,,,,,
,,,,,,,,,,,,,,,,,,,,,,,,,,,,,
// GRENADIER BUGS,,,,,,,,,,,,,,,,,,,,,,,,,,,,,
Homing_Plasma,114,base,,/,,,,,/,infinite,1,,,,,,,,editorOnly,fire,area,,,weapon = Homing_Plasma,,,,,
,,,,,,,,,,,,,,,,,,,,,,,,,,,,,
// BRAIN BUG,,,,,,,,,,,,,,,,,,,,,,,,,,,,,
//Psychic_Overload,20,base,,/,,,,,60,5,,,,,,,,,,fire,none,,,weapon = Psychic_Shock,,,,,
,,,,,,,,,,,,,,,,,,,,,,,,,,,,,
// GENERIC,,,,,,,,,,,,,,,,,,,,,,,,,,,,,
Burrow,135,base,,/,,,,,/,0,,,,,,,,,,action,none,,,switch = default,,,,,
Unburrow,136,base,,/,,,,,/,0,,,,,,,,,,action,none,,,switch = default,,,,,
Deploy,32,base,,81,,,,,/,0,,,,,,,,,,action,none,,,switch = default,,,,,
Undeploy,33,base,,80,,,,,/,0,,,,,,,,,,action,none,,,switch = default,,,,,
,,,,,,,,,,,,,,,,,,,,,,,,,,,,,
,,,,,,,,,,,,,,,,,,,,,,,,,,,,,
// LAVA DLC,,,,,,,,,,,,,,,,,,,,,,,,,,,,,
,,,,,,,,,,,,,,,,,,,,,,,,,,,,,
// FRAG TROOPERS,,,,,,,,,,,,,,,,,,,,,,,,,,,,,
Switch_Frag_Direct,1013,lava,,49,,,1,,/,0,,,,,,,,,,action,none,,,switch = default,,,,,
Switch_Frag_Indirect,1014,lava,,48,,,1,,/,0,,,,,,,,,,action,none,,,switch = default,,,,,
Frag_Mine_Deploy,1019,lava,,51,,27,,,30,0,/,default,3,,,50,,,unlockable,action,area,range: 2,,spawn = Frag_Mine,,,,,
Fire_Mine_Deploy,1020,lava,,50,,26,,,30,0,/,default,3,,,50,,,unlockable,action,area,range: 2,7,spawn = Fire_Mine,,,,,
Frag_Mine_Fire,1025,lava,,/,,,,,30,infinite,1,,,/,,,,OnIdle,hidden,fire,none,,,weapon = Frag_Mine_Explosion,,,,,
,,,,,,,,,,,,,,,,,,,,,,,,,,,,,
// SHREDDER,,,,,,,,,,,,,,,,,,,,,,,,,,,,,
Shredder_Heated_Rounds,1021,lava,,31,,31,,,30,infinite,1,default,3,/,shredder_turret,50,,,unlockable,fire,area,,,weapon = Shredder_Heated_Shot,,,,,
Shredder_Stimpack,2025,lava,,30,,30,1,,30,10,,default,3,/,shredder,50,,,unlockable,no order,none,,,changeweapon = Shredder_Minigun_Stim,stat = speed 170%,,,,Shredder_Depleted
Shredder_Depleted,2026,lava,,/,,,,,/,20,,default,/,/,,,,,hidden,no order,none,,,overheat = 10,stat = speed 70%,,,,
Shredder_Turret_Mode,2027,lava,,53,,,4,,/,0,,default,/,/,,,,,,action,none,,,switch = Shredder_Turret,,,,,
Shredder_Default_Mode,2029,lava,,52,,,1,,/,0,,default,/,/,,,,,,action,none,,,switch = default,,,,,
,,,,,,,,,,,,,,,,,,,,,,,,,,,,,
// DRILLING BIPED,,,,,,,,,,,,,,,,,,,,,,,,,,,,,
Mech_Engineer_Default,1022,lava,,40,,,,,40,10,/,default,/,400,,,,,,no order,none,,,stat = heal 20,stat = speed 50%,changeweapon = (),,,
Mech_Engineer_Elite_1,1023,lava,,41,,28,,,40,10,,default,3,/,,80,,,unlockable,fire,none,,,weapon = Smog_Release,,,,,
Mech_Engineer_Elite_2,1024,lava,,42,,29,,,40,7,,default,3,/,,80,,,unlockable,no order,none,,,spawn_trail = firetype: mech_fire_unit; spawninterval: 0.5; duration: 7; mindistance: 1; sound: Mech_Fire_Trail,stat = speed 150%,,,,
,,,,,,,,,,,,,,,,,,,,,,,,,,,,,
// LIGHT MECH ENGINEER,,,,,,,,,,,,,,,,,,,,,,,,,,,,,
Mech_Engineer_Grenade,1105,lava,,14,,1,,,30,infinite,1,default,3,/,,30,,,unlockable,fire,area,,6,weapon = Mech_Engineer_Grenade 1,,,,,
Mech_Engineer_Drone,1106,lava,,119,,63,,,/,0,,/,3,/,,30,,OnUnlock,unlockable,no order,none,,,switch = Mech_Engineer_Light_Host,,,,,
Mech_Engineer_Drone_Active,1107,lava,,119,,63,,,/,0,,/,3,/,,,,,hidden,no order,none,,,,,,,,
,,,,,,,,,,,,,,,,,,,,,,,,,,,,,
// RIFLE MERCS,,,,,,,,,,,,,,,,,,,,,,,,,,,,,
Merc_Grenade,1030,lava,,14,,,,,30,infinite,1,default,/,/,,,,,,fire,area,,6,weapon = Merc_Grenade 0,,,,,
Merc_Grenade_Barrage,1102,lava,,3,,35,,,30,infinite,7,default,3,/,,30,,,unlockable,fire,area,,,weapon = Merc_Grenade_Volley,,,,,
,,,,,,,,,,,,,,,,,,,,,,,,,,,,,
// SNIPER MERC,,,,,,,,,,,,,,,,,,,,,,,,,,,,,
Merc_Sniper_Boosted,1104,lava,,/,,,,,/,10,,default,/,/,,,,,hidden,no order,none,,,stat = attack 50%; timeBetweenAttacks 30%; range 40%,,,,,
Merc_Decoy_Flares,1103,lava,,115,,,,,30,infinite,1,default,/,/,,,,,,fire,area,,weapon: burst,weapon = Decoy_Flares 0,,,,,Merc_Sniper_Boosted
Sniper_Merc_Elite_A,1108,lava,,116,,44,,,/,0,,/,3,/,,30,,OnUnlock,unlockable,no order,none,,,switch = Sniper_Merc_Leader,,,,,
Sniper_Merc_Elite_B,1109,lava,,117,,29,,,/,0,,/,3,/,,30,,OnUnlock,unlockable,no order,none,,,switch = Sniper_Merc_Wolf,,,,,
,,,,,,,,,,,,,,,,,,,,,,,,,,,,,
Incendiary_Strike,1018,lava,,32,,,,,40,0,,,/,/,,,,,,action,direction,range: 50,8,timeline = Incendiary_Strike,,,,,
,,,,,,,,,,,,,,,,,,,,,,,,,,,,,
// POWER_FLAMERS,,,,,,,,,,,,,,,,,,,,,,,,,,,,,
Pyro_Grenade,1036,lava,,20,,,,,30,infinite,1,default,/,/,,,,,,fire,area,,4,weapon = Pyro_Grenade 0,,,,,
Hyper_Metabolism,1031,lava,,45,,45,,,15,10,,default,3,,,100,,,unlockable,no order,none,,,stat = heal 20,trait = suppressionImmune,stat = speed 150%,,,
Flame_Trap_Deploy,1032,lava,,50,,26,,,15,0,/,default,3,,,100,,,unlockable,action,area,range: 2,7,spawn = Flame_Trap,,,,,
,,,,,,,,,,,,,,,,,,,,,,,,,,,,,
Power_Fire_Boost,1034,lava,,19,,13,,,30,infinite,,/,/,/,,,,Always,hidden,no order,none,,5,stat_aoe = timeBetweenAttacks 80% ; filter: power_flamers,,,,,
,,,,,,,,,,,,,,,,,,,,,,,,,,,,,
Volcano_Erupt,1100,lava,,/,,,,,/,0,,,,,,,,,,no order,none,,,timeline = Volcano_Eruption,,,,,
Volcano_Erupt_Medium,1101,lava,,/,,,,,/,0,,,,,,,,,,no order,none,,,timeline = Volcano_Eruption_Medium,,,,,
,,,,,,,,,,,,,,,,,,,,,,,,,,,,,
// WALL VENT,,,,,,,,,,,,,,,,,,,,,,,,,,,,,
Wall_Vent_Open,3468,base,,7,,,1 nocancel,,/,0,,,,,,,,,,no order,none,,,switch = default,,,,,
Wall_Vent_Close,3469,base,,6,,,4.5 nocancel,,/,0,,,,,,,,,,no order,none,,,switch = default,,,,,
,,,,,,,,,,,,,,,,,,,,,,,,,,,,,
,,,,,,,,,,,,,,,,,,,,,,,,,,,,,
// METROPOLIS,,,,,,,,,,,,,,,,,,,,,,,,,,,,,
,,,,,,,,,,,,,,,,,,,,,,,,,,,,,
// POLICE SQUAD,,,,,,,,,,,,,,,,,,,,,,,,,,,,,
Police_Grenade,3447,metro,,88,,,,,40,infinite,1,default,/,/,,,,,,fire,area,,4,weapon = Police_Grenade 0,,,,,
Talkie_Bomb,3439,metro,,89,,32,,,40,infinite,1,default,3,/,,30,,,unlockable,fire,area,,10,weapon = Talkie_Bomb_Shot 0,,,,,
Kamikaze_Drone,3438,metro,,90,,33,,,40,0,/,default,3,/,,30,,,unlockable,no order,none,,,spawn = Kamikaze_Drone,,,,,
Drone_Kamikaze,1001,metro,,84,,,,,/,infinite,1,default,/,/,,,,,,fire,none,,,weapon = Drone_Explode,,,,,
Police_Grenade_Fire,3450,metro,,/,,,,,30,infinite,1,,,/,,,,OnIdle,hidden,fire,none,,,weapon = Police_Grenade_Explosion,,,,,
Flash_Bang,3409,metro,,91,,,,,30,infinite,1,default,/,/,,,,,,fire,area,,,weapon = Flash_Bang 0,,,,,
,,,,,,,,,,,,,,,,,,,,,,,,,,,,,
// TECHNICIANS,,,,,,,,,,,,,,,,,,,,,,,,,,,,,
Mechanical_Maintenance,3435,metro,,/,,,,,30,infinite,,/,/,/,,,,Always,hidden,no order,none,,4,stat_aoe = timeBetweenAttacks 80% ; affects: friendly ; filter: (attribute:electroTurret),,,,,
,,,,,,,,,,,,,,,,,,,,,,,,,,,,,
// PEACEKEEPER BIPED,,,,,,,,,,,,,,,,,,,,,,,,,,,,,
Peacekeeper_Drone_Deploy,3445,metro,,76,,34,,,/,0,,/,3,/,,30,,OnUnlock,unlockable,no order,none,,,switch = Peacekeeper_Biped_Drone,,,,,
Peacekeeper_Drone_Active,3444,metro,,76,,34,,,/,0,,/,3,/,,,,,hidden,no order,none,,,,,,,,
Peacekeeper_Gas,3446,metro,,75,,28,,,30,infinite,15,default,3,/,,30,,,unlockable,fire,none,,,weapon = Peacekeeper_Gas_Release 1,,,,,
,,,,,,,,,,,,,,,,,,,,,,,,,,,,,
// J.A.C. TROOPER,,,,,,,,,,,,,,,,,,,,,,,,,,,,,
Marksman_Jump,3428,metro,,72,,,,,10,infinite,/,default,/,/,,,,,,abilitystate,area,range: 20; tile: (maxRange; requireMaxRange; maxHeightDifference; requirePlayable; notBlocked; autoadjustwall; viewGridBorder: 2),,jump = effectTimeline: marksman; takeOff: MechanizedMarksman_AbilityJumpStart; fly: MechanizedMarksman_AbilityJumpBusy; Dust: Jet_Dust,,,,,
Low_Velocity_Round,3437,metro,,67,,35,,,30,infinite,1,default,3,/,,50,,,unlockable,fire,area,,,weapon = Low_Velocity_Shot,,,,,
Marksman_Bomb_Drop,3453,metro,,68,,36,,,10,infinite,/,default,3,/,,50,,,unlockable,abilitystate,area,range: 20; tile: (maxRange; requireMaxRange; maxHeightDifference; requirePlayable; notBlocked; autoadjustwall; viewGridBorder: 2),,jump = effectTimeline: marksman; takeOff: MechanizedMarksman_AbilityJumpStart; fly: MechanizedMarksman_AbilityJumpBusy; Dust: Jet_Dust; actionOnTimeline: (weapon: JAC_Bomb; timelinePos: 0.5),,,,,
,,,,,,,,,,,,,,,,,,,,,,,,,,,,,
// RIOT SHIELD SQUAD,,,,,,,,,,,,,,,,,,,,,,,,,,,,,
Riot_Brace,1008,metro,,64,,,,,30,10,,default,/,/,,,,,,action,none,,,stat = armor 500%,stat = speed 1%,trait = suppressionResistant,,,
Riot_Decoy_Deploy,3449,metro,,65,,38,,,30,infinite,3,default,3,/,,50,,,unlockable,fire,area,,,weapon = Decoy_Deploy_Shot 0,,,,,
Riot_Autoturret_Deploy,3451,metro,,66,,37,,,30,infinite,1,default,3,/,,50,,,unlockable,fire,area,,15,weapon = Auto_Turret_Pod 0,,,,,
,,,,,,,,,,,,,,,,,,,,,,,,,,,,,
// HOVER AUTOCANNON,,,,,,,,,,,,,,,,,,,,,,,,,,,,,
Hover_Tank_Jump,3424,metro,,72,,,,,10,infinite,/,default,/,/,,,,,,abilitystate,area,range: 30; tile: (maxRange; requireMaxRange; maxHeightDifference; requirePlayable; notBlocked; autoadjustwall; viewGridBorder: 2),,jump = effectTimeline: autocannon; takeOff: HoverCannon_AbilityJumpStart; Dust: Jet_Dust,,,,,
Hover_Tank_Jump_Bash,3436,metro,,73,,39,,,10,infinite,/,default,3,/,,80,,,unlockable,abilitystate,area,range: 30; tile: (maxRange; requireMaxRange; maxHeightDifference; requirePlayable; notBlocked; autoadjustwall; viewGridBorder: 2),,jump = effectTimeline: autocannon; takeOff: HoverCannon_AbilityJumpStart; Dust: Jet_Dust; configId: 1; actionOnTimeline: (weapon: Mech_Jump_Impact; timelinePos: 1),,,,,
Hover_Tank_Bash_Damage,3425,metro,,/,,,,,/,/,1,,/,/,,,,,hidden,fire,none,,,weapon = Mech_Jump_Impact,,,,,
Hover_Tank_Repairer,3448,metro,,74,,20,,,/,0,,/,3,/,,80,,OnUnlock,unlockable,no order,none,,,switch = Hover_Autocannon_Repairer,,,,,
Hover_Tank_Repairer_Active,3452,metro,,74,,20,,,/,0,,/,3,/,,,,,hidden,no order,none,,,,,,,,
,,,,,,,,,,,,,,,,,,,,,,,,,,,,,
// PEGASUS GUNSHIP,,,,,,,,,,,,,,,,,,,,,,,,,,,,,
Gunship_Ability,3429,metro,,69,,,,,40,infinite,1,default,/,/,,,,,,fire,area,,,weapon = Gunship_Missile_Barrage,,,,,
Gunship_Reaper_Missile,3433,metro,,71,,40,,,40,infinite,1,default,3,/,Pegasus_Gunship,100,,,unlockable,fire,unit,unit: (alliance: enemy; filter:(categoryExclude: air)),,weapon = Gunship_Missile_Strike 1,,,,,
Gunship_Bomb,3430,metro,,70,,41,,,40,infinite,1,default,3,/,Pegasus_Gunship,100,,,unlockable,fire,area,,,weapon = Gunship_Bomb 1,,,,,
Gunship_Deploy,3480,metro,,69,,,4 nocancel,,40,0,,/,/,/,,,,,,action,area,range: 30; rangeMin: 15,15,switch = Pegasus_Gunship_Deployed,guardarea = store,,,,
Gunship_Undeploy,3481,metro,,118,,,2 nocancel,,40,0,,/,/,/,,,,,,action,none,,,switch = Pegasus_Gunship,guardarea = disable,,,,
Gunship_GuardArea,3482,metro,,/,,,,,,,,,,,,,,OnSwitch,hidden,no order abilitystate,none,,,,,,,,
,,,,,,,,,,,,,,,,,,,,,,,,,,,,,
// MISSILE HEXAPOD,,,,,,,,,,,,,,,,,,,,,,,,,,,,,
Rainmaker_Deploy,3414,metro,,81,,,4 nocancel,,/,0,,default,/,/,,,,,,no order,none,,,switch = default,,,,,
Rainmaker_Undeploy,3415,metro,,80,,,6 nocancel,,/,0,,default,/,/,,,,,chargeResetTurret,no order,none,,,switch = default,,,,,
Rainmaker_Shrapnel,3416,metro,,83,,42,,,30,infinite,8,default,3,/,Missile_Mech_Deployed,100,,,unlockable,fire,area,,,weapon = Cloudburster_Shrapnel,,,,,
Rainmaker_Drones,3417,metro,,82,,34,,,/,0,,/,3,/,,100,,OnUnlock,unlockable,no order,none,,,switch = Missile_Mech_Droner,,,,,
Rainmaker_Drones_Deployed,3419,metro,,82,,34,,,/,0,,/,3,/,,,,OnUnlock,unlockable,no order,none,,,switch = Missile_Mech_Droner_Deployed,,,,,
Rainmaker_Drones_Active,3418,metro,,82,,34,,,/,0,,/,3,/,,,,,hidden,no order,none,,,,,,,,
,,,,,,,,,,,,,,,,,,,,,,,,,,,,,
// DRAW BRIDGE,,,,,,,,,,,,,,,,,,,,,,,,,,,,,
Drawbridge_Open,3466,metro,,/,,,2 nocancel,,/,0,,,,,,,,,hidden,no order,none,,,switch = default,,,,,
Drawbridge_Close,3467,metro,,/,,,2 nocancel,,/,0,,,,,,,,,hidden,no order,none,,,switch = default,,,,,
,,,,,,,,,,,,,,,,,,,,,,,,,,,,,
Ravager_Melee_Spawn,3470,metro,,/,,,,,,,,,,,,,,OnSwitch,hidden,no order abilitystate,none,,,hitpoints = set 100%,animation = (),,,,
Verhaegen_Burst,3471,metro,,/,,,,,/,infinite,4,default,3,/,,,,,,fire,unit,unit: (alliance: enemy),,weapon = Verhaegen_Burst,,,,,
Kayla_Death,3472,metro,,/,,,4,,/,0,,default,/,/,,,,OnSwitch,,action,none,,,switch = default,,,,,
,,,,,,,,,,,,,,,,,,,,,,,,,,,,,
// WATER PLANE,,,,,,,,,,,,,,,,,,,,,,,,,,,,,
Water_Plane_Rise,3454,metro,,/,,,30 nocancel,,/,0,,,,,,,,,,no order,none,,,switch = default,,,,,
Water_Plane_Lower,3455,metro,,/,,,30 nocancel,,/,0,,,,,,,,,,no order,none,,,switch = default,,,,,
,,,,,,,,,,,,,,,,,,,,,,,,,,,,,
// TERRITORY,,,,,,,,,,,,,,,,,,,,,,,,,,,,,
Territory_Point_Pylon,3458,metro,,102,,,15,,/,0,,default,/,/,,,,,,no order,none,,,switch = Territory_Point_Security,,,,,
,,,,,,,,,,,,,,,,,,,,,,,,,,,,,
,,,,,,,,,,,,,,,,,,,,,,,,,,,,,
// TERRITORY,,,,,,,,,,,,,,,,,,,,,,,,,,,,,
,,,,,,,,,,,,,,,,,,,,,,,,,,,,,
// M4 GRINDER,,,,,,,,,,,,,,,,,,,,,,,,,,,,,
Hover_HMG_Hover,4008,base,,96,,,1.4 nocancel,,30,0,,default,/,/,,,,,,no order,none,,,switch = default,,,,,
Hover_HMG_Descend,4009,base,,97,,,2.6 nocancel,,30,0,,default,/,/,,,,,,no order,none,,,switch = default,,,,,
Hover_HMG_Elite_A,208,base,,99,,49,,,30,infinite,1,default,3,/,Hover_HMG,50,,,unlockable,fire,area,,5,weapon = Hover_HMG_Indirect_Burst,,,,,
Hover_HMG_Elite_B,209,base,,98,,48,1.4 nocancel,,30,0,,default,3,/,Hover_HMG,50,,,unlockable,no order,none,,,switch = default,spawn = Hover_HMG_Hellraiser_Fire,,,,
,,,,,,,,,,,,,,,,,,,,,,,,,,,,,
// MECH MORTAR,,,,,,,,,,,,,,,,,,,,,,,,,,,,,
Mech_Mortar_Deploy,4034,base,,94,,,2 nocancel,,5,0,,default,/,/,,,,,,action,area,range: 55; rangeMin: 30,20,switch = default,guardarea = store,,,,
Mech_Mortar_Undeploy,4035,base,,95,,,5 nocancel,,5,0,,default,/,/,,,,,,action,none,,,switch = default,guardarea = disable,,,,
Mech_Mortar_Firewall,4027,base,,86,,11,,,30,infinite,1,default,3,/,Mech_Mortar,80,,,unlockable,fire,area,,weapon: burst,weapon = Mech_Mortar_Firewall_Burst,,,,,
Mech_Mortar_Turret_Pod,4028,base,,66,,37,,,30,infinite,1,default,3,/,Mech_Mortar,80,,,unlockable,fire,area,,,weapon = Mech_Mortar_Turret_Pod,,,,,
Mech_Mortar_GuardArea,4036,base,,/,,,,,,,,,,,,,,OnSwitch,hidden,no order abilitystate,none,,,,,,,,
,,,,,,,,,,,,,,,,,,,,,,,,,,,,,
// MECH CANNON,,,,,,,,,,,,,,,,,,,,,,,,,,,,,
Mech_AT_Proximity_Defense,205,base,,85,,,,,30,infinite,2,default,/,/,,,,,,fire,area,,weapon: burst,weapon = Mech_Cannon_Proximity_Burst 1,,,,,
Mech_AT_Elite_A,206,base,,4,,8,,,30,infinite,1,default,3,/,,80,,,unlockable,fire,area,,,weapon = Mech_AT_Flak 1,,,,,
Mech_AT_Elite_B,207,base,,90,,43,,,30,0,/,default,3,/,,80,,,unlockable,no order,none,,,spawn = Mech_AT_Drone_Kamikaze,,,,,
//Mech_AT_Elite_B,207,base,,19,,,,,30,infinite,1,default,3,/,,80,,,unlockable,fire,area,,,weapon = Mech_AT_Drone_Kamikaze,,,,,
,,,,,,,,,,,,,,,,,,,,,,,,,,,,,
// EXOSUIT E-PULSE,,,,,,,,,,,,,,,,,,,,,,,,,,,,,
Exosuit_Bastion_Deploy,211,base,,112,,,1.4 nocancel,,/,infinite,,/,/,/,,,,,,abilitystate,area,range: 0; tile: (requireFlat; notBlocked; radius: 4),,deploybastion = switchType: exosuit_e-troopers_deployed; bastionType: exosuit_fortification; switchBackAbility: Exosuit_Bastion_Undeploy,,,,,
Exosuit_Bastion_Undeploy,212,base,,113,,,1.4 nocancel,,/,0,,/,/,/,,,,,,no order,none,,,switch = default,,,,,
Exosuit_Electrocute,210,base,,114,,46,,,30,infinite,5,default,3,/,,80,,,unlockable,fire,none,,,weapon = Exosuit_Electroshock,,,,,
Exosuit_Battery_Overload,213,base,,24,,21,,,30,10,,default,3,/,,80,,,unlockable,no order,none,,,changeweapon = E-Pulse_44_Boosted 0,,,,,
,,,,,,,,,,,,,,,,,,,,,,,,,,,,,
territory_tactical_reinforce,2010,base,,27,,,,,30,0,,default,/,400,,,,,,action,area,range: 14; walkRange: 28; tile: (notBlocked; requireFlat; noLandingPads; reachable; requireTileCenter),6,createdropsite = (),,,,,
materiel_building_switch,2011,base,,103,,,15,,/,0,,default,/,/,,,,,,no order,none,,,switch = Territory_Materiel_Depot,,,,,
supply_building_switch,2012,base,,102,,,15,,/,0,,default,/,/,,,,,,no order,none,,,switch = Territory_Supply_Platform,,,,,
turret_mg_upgrade_A,2013,base,,123,,,15,,/,0,,default,/,/,,,50,,,no order,none,,,switch = Electro_MG_A,,,,,
turret_mg_upgrade_B,2014,base,,120,,,15,,/,0,,default,/,/,,,50,,,no order,none,,,switch = Electro_MG_B,,,,,
turret_mortar_upgrade_A,2015,base,,19,,,15,,/,0,,default,/,/,,,100,,,no order,none,,,switch = Electro_Mortar_AA_On,,,,,
turret_mortar_upgrade_B,2016,base,,124,,,15,,/,0,,default,/,/,,,100,,,no order,none,,,switch = Electro_Mortar_B,,,,,
turret_sniper_upgrade_A,2017,base,,123,,,15,,/,0,,default,/,/,,,100,,,no order,none,,,switch = Electro_Sniper_A,,,,,
turret_sniper_upgrade_B,2018,base,,125,,,15,,/,0,,default,/,/,,,100,,,no order,none,,,switch = Electro_Sniper_B,,,,,
turret_cannon_upgrade_A,2019,base,,121,,,15,,/,0,,default,/,/,,,100,,,no order,none,,,switch = Electro_Cannon_A,,,,,
turret_cannon_upgrade_B,2020,base,,126,,,15,,/,0,,default,/,/,,,100,,,no order,none,,,switch = Electro_Cannon_B,,,,,
turret_missile_upgrade_A,2021,base,,121,,,15,,/,0,,default,/,/,,,100,,,no order,none,,,switch = Electro_Missile_A,,,,,
turret_missile_upgrade_B,2022,base,,127,,,15,,/,0,,default,/,/,,,100,,,no order,none,,,switch = Electro_Missile_B,,,,,
turret_flamer_upgrade_A,2024,lava,,123,,,15,,/,0,,default,/,/,,,50,,,no order,none,,,switch = Electro_Flamer_A,,,,,
turret_flamer_upgrade_B,2030,lava,,120,,,15,,/,0,,default,/,/,,,50,,,no order,none,,,switch = Electro_Flamer_B,,,,,
turret_hmg_tower_upgrade_A,2031,base,,122,,,15,,/,0,,default,/,/,,,100,,,no order,none,,,switch = Territory_MG_Tower_A,,,,,
turret_hmg_tower_upgrade_B,2032,base,,125,,,15,,/,0,,default,/,/,,,100,,,no order,none,,,switch = Territory_MG_Tower_B,,,,,
Rifle_Recruit_Upgrade,2023,base,,93,,,,,/,0,,/,3,/,,30,,OnUnlock,unlockable,no order,none,,,switch = Rifle_Squad,reseteliteabilities = resetExperience: 2,,,,
Electro_Mortar_AA_Enable,2035,base,,80,,,10 nocancel,,/,0,,default,/,/,,,,,chargeResetTurret,no order,none,,,switch = default,,,,,
Electro_Mortar_AA_Disable,2036,base,,81,,,10 nocancel,,/,0,,default,/,/,,,,,,no order,none,,,switch = default,,,,,
,,,,,,,,,,,,,,,,,,,,,,,,,,,,,
territory_enable_generator,2033,base,,150,,,,,,0,,,,,,,,,,no order,none,,,switch = default,,,,,
territory_activate,2037,base,,150,,,,,,0,,,,,,,,,,no order,none,,,switch = default,,,,,
territory_enable_prospector,2034,base,,150,,,,,,0,,,,,,,,,,no order,none,,,switch = default,,,,,
territory_enable_lavapump,2044,base,,150,,,,,,0,,,,,,,,,,no order,none,,,switch = default,,,,,
,,,,,,,,,,,,,,,,,,,,,,,,,,,,,
,,,,,,,,,,,,,,,,,,,,,,,,,,,,,
// CHEMICAL DLC,,,,,,,,,,,,,,,,,,,,,,,,,,,,,
,,,,,,,,,,,,,,,,,,,,,,,,,,,,,
// ARACHNOLOGISTS,,,,,,,,,,,,,,,,,,,,,,,,,,,,,
Explode_Defenders,5094,chem,,128,,,,,20,0,,default,/,,,,,,mirrorOnSelected,no order,none,,,explosiondefenders = Defender_Destruct_Explosion,,,,,
SwitchDefender_Spitters,5091,chem,,129,,68,,,/,0,,/,3,,,30,,OnUnlock,unlockable; hiddenIfUnlocked,no order,none,,,switchsquaddefender = spawn: (type: drugged_spitter_bugs; interval: 10; amount: 3; transport: drop_pod_small); followRange: 10; returner: (maxRange: 15; minRange: 12); onSwitch: kill; dieWithLeader: (); highlight: (),,,,,
SwitchDefender_Warriors,5092,chem,,130,,69,,,/,0,,/,3,,,30,,OnUnlock,unlockable; hiddenIfUnlocked,no order,none,,,switchsquaddefender = spawn: (type: drugged_warriors; interval: 10; amount: 2; transport: Drop_Pod_Medium); followRange: 10; returner: (maxRange: 15; minRange: 12); onSwitch: kill; dieWithLeader: (); highlight: (),,,,,
,,,,,,,,,,,,,,,,,,,,,,,,,,,,,
// TOXIC BIPED,,,,,,,,,,,,,,,,,,,,,,,,,,,,,
Toxic_Self_Repair,5108,chem,,141,,,,,40,10,/,default,/,,,,,,,action,none,,,spawn_trail = firetype: toxic_repair_cloud; spawninterval: 0.5; duration: 10; mindistance: 0; sound: Mech_Fire_Trail,changeweapon = (),stat = heal 20,stat = speed 50%,,
Toxic_Pressure_Spray,5063,chem,,142,,67,,,30,infinite,1,default,3,/,,30,,,unlockable,fire,area,,,weapon = Toxic_Pressure_Spray,,,,,
Acid_Air_Strike,5057,chem,,143,,66,,,30,0,,default,3,/,,30,,,unlockable,action,direction,range: 30,8,timeline = gas_strike,,,,,
,,,,,,,,,,,,,,,,,,,,,,,,,,,,,
// RADIATION BIPED,,,,,,,,,,,,,,,,,,,,,,,,,,,,,
Rad_Biped_Electric_Discharge,5064,chem,,144,,,,,30,/,1,default,/,/,,,,,,fire,none,,,weapon = Electric_Discharge,,,,,
Rad_Biped_Deploy_Drone,5100,chem,,146,,73,,,/,0,,/,3,/,,30,,OnUnlock,unlockable,no order,none,,,switch = Radiation_Biped_Host,,,,,
Rad_Biped_Reactor_Drop,5080,chem,,145,,72,,,30,0,,default,3,/,,30,,,unlockable,fire,area,,2,timeline = reactor_single_strike ,,,,,
Rad_Biped_Reactor_Effect,5084,chem,,/,,,,,30,30,,default,,/,,,,OnSpawn,hidden,no order,none,,10,stat_aoe = attack 120%; range 120%; affects: friendly; filter: radiation_biped,,,,,
,,,,,,,,,,,,,,,,,,,,,,,,,,,,,
// HAZMAT,,,,,,,,,,,,,,,,,,,,,,,,,,,,,
Hazmat_Grenade_Volley,5074,chem,,131,,,,,30,infinite,5,default,/,/,,,,,,fire,area,,2,weapon = Hazmat_Grenade_Volley,,,,,
Hazmat_Gas_Perimeter,5088,chem,,133,,65,,,/,infinite,,/,3,/,,50,,,unlockable,abilitystate,area,range: 0; tile: (requireFlat; notBlocked; radius: 4),,deploybastion = switchType:Hazmat_Eradicators_Deployed_Gas; bastionType: Gas_Perimeter; switchBackAbility: Undeploy_Perimeter,,,,,
Hazmat_Heal_Perimeter,5099,chem,,132,,64,,,/,infinite,,/,3,/,,50,,,unlockable,abilitystate,area,range: 0; tile: (requireFlat; notBlocked; radius: 4),,deploybastion = switchType:Hazmat_Eradicators_Deployed_Heal; bastionType: Healing_Perimeter; switchBackAbility: Undeploy_Perimeter,,,,,
Heal_Perimeter,5081,chem,,/,,/,,,/,infinite,,/,/,/,,,,OnSpawn,,no order,none,,10,stat_aoe = heal 100%; affects: friendly; filter: human,,,,,
,,,,,,,,,,,,,,,,,,,,,,,,,,,,,
// MISSILE SPECIALIST,,,,,,,,,,,,,,,,,,,,,,,,,,,,,
Missile_Specialist_Switch_A,5112,chem,,135,,,,,,/,,/,,,,,,,,no order,none,,,switch = default,,,,,
Missile_Specialist_Switch_B,5123,chem,,134,,,,,,/,,/,,,,,,,,no order,none,,,switch = default,,,,,
Flak_Missiles,5115,chem,,136,,8,,,30,infinite,10,default,3,/,,50,,,unlockable,fire,area,,,weapon = Specialist_Flak_Barrage,,,,,
Incendiary_Missiles,5116,chem,,137,,11,,,30,infinite,1,default,3,/,,50,,,unlockable,fire,area,,weapon: burst,weapon = Specialist_Incendiary_Barrage 0,,,,,
Silo_Remote_Nuke,5103,chem,,138,afterunlockelite,,,,,0,,/,,,,,,,,no order,area,range: 50; requiremaxrange,4,proxyability = (range: 10000; unittype: Territory_Missile_Silo; ability: Silo_Missile_Nuke),,,,,
Silo_Remote_Chemical,5104,chem,,140,afterunlockelite,,,,,0,,/,,,,,,,,no order,area,range: 50; requiremaxrange,4,proxyability = (range: 10000; unittype: Territory_Missile_Silo; ability: Silo_Missile_Chemical),,,,,
Silo_Remote_Cluster,5113,chem,,139,afterunlockelite,,,,,0,,/,,,,,,,,no order,area,range: 50; requiremaxrange,4,proxyability = (range: 10000; unittype: Territory_Missile_Silo; ability: Silo_Missile_Cluster),,,,,
Silo_Missile_Nuke,5002,chem,,/,,,,,40,infinite,1,silo,/,/,,,,,hidden,fire,area,,,weapon = Silo_Missile_Nuke 0,destinationMarker = type: MissileNuke; radius: effectRadius,,,,
Silo_Missile_Chemical,5027,chem,,/,,,,,40,infinite,1,silo,/,/,,,,,hidden,fire,area,,10,weapon = Silo_Missile_Chemical 0,destinationMarker = type: MissileChemical; radius: effectRadius,,,,
Silo_Missile_Cluster,5114,chem,,/,,,,,40,infinite,1,silo,/,/,,,,,hidden,fire,area,,20,weapon = Silo_Missile_Cluster 1,destinationMarker = type: MissileCluster; radius: effectRadius,,,,
,,,,,,,,,,,,,,,,,,,,,,,,,,,,,
// FORTIS,,,,,,,,,,,,,,,,,,,,,,,,,,,,,
Deploy_Bastion_Railgun,5067,chem,,147,,,,,/,infinite,,/,/,/,,,,,,abilitystate,area,range: 0; tile: (requireFlat; notBlocked; radius: 4),,deploybastion = switchType:  default; bastionType: Bastion_Railgun; switchBackAbility: Undeploy_Perimeter,,,,,
Fortis_Construction_Kit,5106,chem,,148,,20,,,,0,,/,3,,,80,,OnUnlock,unlockable; hiddenIfUnlocked,no order,none,,,switch = Fortis_Eradicators_Constructors,,,,,
SwitchDefender_Tigers,5093,chem,,149,,74,,,,,,/,3,,,80,,OnUnlock,unlockable; hiddenIfUnlocked,no order,none,,,switchsquaddefender = spawn: (type: drugged_tiger_bugs; interval: 10; amount: 2); followRange: 10; returner: (maxRange: 30; minRange: 10); onSwitch: kill; dieWithLeader: (); highlight: (),,,,,
Undeploy_Perimeter,5097,chem,,113,,,1.4 nocancel,,/,0,,/,/,/,,,,,,no order,none,,,switch = default,,,,,
,,,,,,,,,,,,,,,,,,,,,,,,,,,,,
// M9C MANIPULATOR,,,,,,,,,,,,,,,,,,,,,,,,,,,,,
M9C_Mind_Control,5056,chem,,152,,,,,60,/,1,default,,,,,,,,fire,unit,range: 30; unit: (alliance: enemy; filter:(attribute:mindControllable)),1,weapon = M9C_Mind_Control_Shot 1,,,,,
SwitchDefender_RoyalGuard,5086,chem,,153,,75,,,,,,/,3,,,80,,OnUnlock,unlockable; hiddenIfUnlocked,no order,none,,,switchsquaddefender = spawn: (type: drugged_royal_guard; interval: 15; amount: 2; transport: Drop_Pod_Large); followRange: 10; returner: (maxRange: 30; minRange: 10); onSwitch: kill; dieWithLeader: (); highlight: (),,,,,
Drop_Drones_Pod,5025,chem,,154,,76,,,60,0,/,default,3,/,,80,,,unlockable,action,area,range: 50,2,deploy = Drones_Pod,,,,,
,,,,,,,,,,,,,,,,,,,,,,,,,,,,,
// POWER SUIT INSTIGATORS,,,,,,,,,,,,,,,,,,,,,,,,,,,,,
Rogue_Grenade,5078,chem,,156,,,,,40,infinite,1,default,,,,,,,,fire,area,,,weapon = Rogue_Grenade,,,,,
Deploy_Ufo,5110,chem,,157,,78,,,40,0,/,default,3,/,,100,,,unlockable,no order,none,,,spawn = Controllable_Rad_Drone,,,,,
Pheromone_Shield,5107,chem,,155,,77,2,,40,infinite,,,,,Powersuit_Eradicators,100,,,unlockable,action,none,,,switch = default,,,,,
Pheromone_Shield_Depleted,5001,chem,,/,,,,,/,infinite,,default,/,/,,,,,hidden,no order,none,,,switch = default,,,,,
,,,,,,,,,,,,,,,,,,,,,,,,,,,,,
// M11 EXTERMINATOR,,,,,,,,,,,,,,,,,,,,,,,,,,,,,
M11_X_Default_Missile,5059,chem,,160,,,,,40,/,1,default,/,/,,,,,,fire,area,,weapon: burst,weapon = XM11_Missile 1,,,,,
M11_X_Booster,5102,chem,,/,,,,,/,infinite,,/,,/,,,,,hidden,no order,none,,20,stat_aoe = attack 120%; range 120%; affects: friendly; filter: (attribute:xm11Boostable),,,,,
M11_X_Jump_Unlock,5105,chem,,161,,70,,,,,,/,3,,,100,,OnUnlock,unlockable; hiddenIfUnlocked,no order,none,,,switch = M11_Exterminator_Jump,,,,,
M11_X_Jump,5101,chem,,161,,70,,,40,infinite,/,default,/,/,,,,,,abilitystate,area,range: 30; tile: (maxRange; requireMaxRange; maxHeightDifference; requirePlayable; notBlocked; autoadjustwall; viewGridBorder: 2),,jump = effectTimeline: Marksman; takeOff: XM11_JumpStart; fly: XM11_JumpFly; Dust: Jet_Dust,,,,,
Radiation_Bomb,5098,chem,,162,,71,,,40,/,1,default,3,/,,100,,,unlockable,fire,area,range: 30,,timeline = radiation_single_strike,,,,,
,,,,,,,,,,,,,,,,,,,,,,,,,,,,,
// ARACHNID,,,,,,,,,,,,,,,,,,,,,,,,,,,,,
Tanker_Roar,92,base,,184,,,,,20,infinite,1,/,/,/,,,,,hideWiki,fire,none,,,weapon = Tanker_Roar,,,,,
Grenadier_Cluster_Plasma,5118,base,,187,,,,,30,infinite,1,/,/,/,,,,,hideWiki,fire,area,,15,weapon = Grenadier_Cluster_Shot,,,,,
Scorpion_Claw_Crush,5119,base,,185,,,,,30,infinite,1,/,/,/,,,,,hideWiki,fire,unit,unit: (alliance: enemy),,changeweapon = Scorpion_Claw_Crush_Shot,,,,,
Ravager_Bash,5120,metro,,189,,,,,30,infinite,1,/,/,/,,,,,hideWiki,fire,unit,unit: (alliance: enemy),,changeweapon = Ravager_Bash_Shot,,,,,
Immolator_Spew,5121,lava,,188,,,,,30,infinite,1,/,/,/,,,,,hideWiki,fire,area,,,changeweapon = Immolator_Spew_Shot,,,,,
Buzzer_Grenadier_Trail,5117,chem,,186,,,,,40,7,,/,/,/,,,,,hideWiki,no order,none,,,spawn_trail = firetype: buzzer_grenadier_acid_trail; spawninterval: 0.5; duration: 7; mindistance: 1; sound: Stingers_Acid_Spit,stat = speed 150%,,,,
Hydra_Shockwave,5132,chem,,190,,,,,30,infinite,1,/,/,/,,,,,hideWiki,fire,none,,,weapon = Hydra_Shockwave_Shot,,,,,
,,,,,,,,,,,,,,,,,,,,,,,,,,,,,
// SPECIAL UNITS,,,,,,,,,,,,,,,,,,,,,,,,,,,,,
Container_Fall,5012,wip,UnitPrototyping,,,,,,,3,,,,,,,,OnHealth(-50),,no order abilitystate,none,,,animation = (),hitpoints = set 100%,,,,Container_Fire
Container_Fire,5013,wip,UnitPrototyping,,,,,,,,1,,,,,,,,,fire,none,,,weapon = Container_Impact,,,,,Container_Switch
Container_Switch,5014,wip,UnitPrototyping,,,,,,,,,,,,,,,,,no order,none,,,switch = Container_Down,,,,,
Bug_Cage_Fall,5015,wip,UnitPrototyping,,,,,,,3,,,,,,,,OnHealth(-50),,no order abilitystate,none,,,animation = () ,hitpoints = set 100%,,,,Bug_Fire
Bug_Fire,5016,wip,UnitPrototyping,,,,,,,,1,,,,,,,,,fire,none,,,weapon = Bug_Cage_Impact,,,,,Bug_Cage_Switch
Bug_Cage_Switch,5017,wip,UnitPrototyping,,,,,,,,,,,,,,,,,no order,none,,,switch  = Warrior_Bugs,,,,,
Dart_Launcher_Fire,5129,chem,,147,,,,,10,/,1,,,,,,,,hidden,fire,unit,unit: (alliance: enemy),,weapon = Dart_Launcher_Shot,,,,,
Pheromone_Emitter_Activate,5130,base,,150,,,5,,/,0,,,,,,,,,,no order,none,,,switch = default,,,,,
Pheromone_Emitter_Deactivate,5131,base,,150,,,5,,/,0,,,,,,,,,,no order,none,,,switch = default,,,,,
,,,,,,,,,,,,,,,,,,,,,,,,,,,,,
,,,,,,,,,,,,,,,,,,,,,,,,,,,,,
// JUNGLE DLC,,,,,,,,,,,,,,,,,,,,,,,,,,,,,
,,,,,,,,,,,,,,,,,,,,,,,,,,,,,
Foxhole_Boost,4002,jungle,,18,,,,,3,infinite,,default,/,/,,,,Always,,no order,none,,3,stat_aoe = (timeBetweenAttacks 70%) ; armor 50 ; range 80% ; filter: (class:infantry),,,,,
,,,,,,,,,,,,,,,,,,,,,,,,,,,,,
// JUNGLE TROOPERS,,,,,,,,,,,,,,,,,,,,,,,,,,,,,
Jungle_Gunship_Marker_Deploy,4001,jungle,,28,,,,,30,infinite,1,default,/,/,,,,,,fire,area,,6,weapon = Jungle_Gunship_Marker_Flare 0,,,,,
Jungle_HMG_Deploy,4017,jungle,,168,,24,,,30,0,,default,/,/,,,,,,action,area,range: 5,,spawn = Jungle_HMG,,,,,
Jungle_Mortar_Deploy,4018,jungle,,169,,24,,,30,0,,default,3,/,,30,,,unlockable,action,area,range: 5,,spawn = Jungle_Mortar,,,,,
Infiltrator_Flare,4016,jungle,,170,,24,,,30,infinite,1,default,3,/,,30,,,unlockable,fire,area,,30,weapon = Infiltrator_Flare 0,,,,,
Base_Remote_Artillery,4049,jungle,,67,afterunlockelite,,,,30,0,,default,,,,,,,,action,area,range: 30,4,proxyability = (range: 10000; unittype: Territory_Base_Artillery; ability: Territory_Base_Artillery_Strike),,,,,
,,,,,,,,,,,,,,,,,,,,,,,,,,,,,
// AIR SUPPORT OPERATOR,,,,,,,,,,,,,,,,,,,,,,,,,,,,,
Phosphorus_Strike,4000,jungle,,171,,,,,30,0,,default,/,300,,,,,,action,direction,range: 50,8,timeline = Phosphorus_Strike,,,,,
Perimeter_Turrets_Drop,4015,jungle,,172,,24,,,30,0,,default,3,/,,30,,,unlockable,action,direction,range: 50,8,timeline = Turrets_Drop,,,,,
Thermite_Drone_Spawn,4007,jungle,,173,,27,,,30,0,/,default,3,/,,30,,,unlockable,action,area,range: 10,,spawn = Thermite_Drone,,,,,
Thermite_Drone_Fire,4006,jungle,,/,,,,,30,7,,/,/,/,,,,OnSpawn,hidden,no order,none,,,spawn_trail = firetype: Phosphorus_Cloud; spawninterval: 0.5; duration: 7; mindistance: 1; sound: Mech_Fire_Trail,,,,,
,,,,,,,,,,,,,,,,,,,,,,,,,,,,,
// GRENADE TROOPERS,,,,,,,,,,,,,,,,,,,,,,,,,,,,,
Flare_Grenade,4020,jungle,,10,,5,,,30,infinite,1,default,/,/,,,,,,fire,area,,,weapon = Flare_Grenade_Throw 0,,,,,
Jungle_Grenade_Barrage,4022,jungle,,3,,5,,,30,infinite,10,default,3,/,,50,,,unlockable,fire,area,,,weapon = Jungle_Grenade_Volley,,,,,
Grenade_Drone_Launch,4026,jungle,,76,,5,,,30,infinite,1,default,3,/,,50,,,unlockable,fire,unit,unit: (alliance: enemy; filter:(categoryExclude: air)),,weapon = Grenade_Drone_Homing,,,,,
Grenade_Drone_Active,4025,jungle,,76,,5,,,/,0,,/,/,/,,,,,hidden,no order,none,,,,,,,,
Grenade_Drone_Spawn,4023,jungle,,36,,,,,30,0,,default,/,/,,,,,,action,none,,,spawn = Drone_Jungle_Grenade,,,,,
Grenade_Drone_Deploy,4024,jungle,,76,,34,,,/,0,,/,3,/,,50,,OnUnlock,unlockable,no order,none,,,switch = Grenade_Troopers_Drone,,,,,
Jungle_Grenade_Drops,4019,jungle,,/,,,,,30,7,,default,/,/,,,,,,action,area,,,spawn_trail = firetype: Jungle_Grenade_Bag; spawninterval: 1; duration: 4; mindistance: 0; sound: Grenade_Timer,,,,,
,,,,,,,,,,,,,,,,,,,,,,,,,,,,,
// SAWMASTER,,,,,,,,,,,,,,,,,,,,,,,,,,,,,
Saw_Blade_Eject,4003,jungle,,78,,5,,,30,infinite,1,default,3,/,Mech_Saw,30,,,unlockable,fire,area,,,weapon = Saw_Blade 0,,,,,
Sawmaster_Uparmor,4004,jungle,,79,,20,,,/,0,,/,3,/,,30,,OnUnlock,unlockable,no order,none,,,switch = Mech_Saw_Armored,,,,,
Sawmaster_Uparmor_Active,4005,jungle,,79,,20,,,/,0,,/,3,/,,,,,hidden,no order,none,,,,,,,,
Saw_Blade_HealthSwitch,4010,jungle,,/,,,,,,0,,,,,,,,,hidden,no order,none,,,switch = default,,,,,
SawMaster_Spin,4013,jungle,,77,,,,,40,5,,default,,/,,,,,,fire,none,,,weapon = SawMaster_Spin_Shot,,,,,
SawMaster_Bushtrimmers,4061,jungle,,174,,68,,,/,0,,/,3,,,30,,OnUnlock,unlockable; hiddenIfUnlocked,no order,none,,,switchsquaddefender = spawn: (type: SawMaster_Drone; interval: 10; amount: 2); followRange: 10; returner: (maxRange: 15; minRange: 12); onSwitch: kill; dieWithLeader: (); highlight: (),,,,,
,,,,,,,,,,,,,,,,,,,,,,,,,,,,,
// M4 THUMPER,,,,,,,,,,,,,,,,,,,,,,,,,,,,,
Hover_Mortar_ATGM,4045,jungle,,71,,,,,40,infinite,1,default,/,/,,,,,,fire,unit,unit: (alliance: enemy),,weapon = Hover_Mortar_ATGM 1,,,,,
Hover_Mortar_Napalm,4053,jungle,,166,,29,,,40,infinite,1,default,3,/,,,,,unlockable,fire,area,,,weapon = Hover_Mortar_Napalm_Shot,,,,,
Napalm_Dispenser_Shot,4056,jungle,,/,,,,,/,30,,/,/,/,,,,OnSpawn,hidden,no order,none,,,spawn_trail = firetype: Napalm_Pool; spawninterval: 0.5; duration: 30; mindistance: 1; sound: Mech_Fire_Trail,stat = speed 150%,,,,
Hover_Mortar_Flare,4054,jungle,,165,,29,,,40,infinite,1,default,3,/,,,,,unlockable,fire,area,,,weapon = Hover_Mortar_Flare_Shot,,,,,
,,,,,,,,,,,,,,,,,,,,,,,,,,,,,
// MECH ONTOS,,,,,,,,,,,,,,,,,,,,,,,,,,,,,
Mech_Ontos_Deploy,4057,jungle,,81,,,3 nocancel,,/,0,,default,/,/,,,,,,no order,none,,,switch = default,,,,,
Mech_Ontos_Undeploy,4058,jungle,,80,,,3 nocancel,,/,0,,default,/,/,,,,,chargeResetTurret,no order,none,,,switch = default,,,,,
Ontos_Ripper_Barrage,4021,jungle,,5,,9,,,30,infinite,1,default,3,/,,80,,,unlockable,fire,area,,weapon: burst,weapon = Mech_Ontos_Barrage,,,,,
Mech_Ontos_Tripod_Deploy,4033,jungle,,53,,24,,,30,infinite,1,default,3,/,,80,,,unlockable,fire,area,,weapon: burst,switch = Mech_Ontos_Unarmed,weapon = Mech_Ontos_Tripod_Launch,,,,
Mech_Ontos_Tripod_Undeploy,4059,jungle,,53,,24,,,30,0,,default,/,/,,,,,,no order,none,,,switch = Mech_Ontos,,,,,
,,,,,,,,,,,,,,,,,,,,,,,,,,,,,
// M9 MAMMOTH,,,,,,,,,,,,,,,,,,,,,,,,,,,,,
Mech_Artillery_Direct_Mode,4037,jungle,,96,,,5 nocancel,,5,0,,/,/,/,,30,,,,action,none,,,switch = Mech_Artillery_Direct,,,,,
Mech_Artillery_Indirect_Mode,4044,jungle,,97,,,5 nocancel,,5,0,,default,/,/,,,,,,action,none,,,switch = default,,,,,
,,,,,,,,,,,,,,,,,,,,,,,,,,,,,
// COMBAT CAB,,,,,,,,,,,,,,,,,,,,,,,,,,,,,
Cab_Deploy,4047,jungle,,81,,,4 nocancel,,/,0,,default,/,/,,,,,,no order,none,,,switch = default,,,,,
Cab_Undeploy,4050,jungle,,80,,,5 nocancel,,/,0,,default,/,/,,,,,chargeResetTurret,no order,none,,,switch = default,,,,,
Cab_Flamethrower,4062,jungle,,163,,26,5 nocancel,,5,0,,/,3,,,30,,OnUnlock,unlockable; hiddenIfUnlocked,action,none,,,switch = Mech_Cab_Flamethrower,,,,,
Cab_Mortar,4063,jungle,,164,,10,5 nocancel,,5,0,,/,3,,,30,,OnUnlock,unlockable; hiddenIfUnlocked,action,none,,,switch = Mech_Cab_Mortar,,,,,
,,,,,,,,,,,,,,,,,,,,,,,,,,,,,
// POWER SUIT SNIPER,,,,,,,,,,,,,,,,,,,,,,,,,,,,,
PS_Focus,4038,jungle,,94,,,2 nocancel,,5,0,,default,/,/,,,,,,action,area,range: 55; rangeMin: 30,20,switch = Power_Sniper_Focussed,guardarea = store,,,,
PS_Exit_Focus,4039,jungle,,95,,,5 nocancel,,5,0,,default,/,/,,,,,,action,none,,,switch = default,guardarea = disable,,,,
Power_Sniper_Jump,4046,jungle,,72,,,,,10,infinite,/,default,/,/,,,,,,abilitystate,area,range: 40; tile: (maxRange; requireMaxRange; maxHeightDifference; requirePlayable; notBlocked; autoadjustwall; viewGridBorder: 2),,jump = effectTimeline: marksman; takeOff: MechanizedMarksman_AbilityJumpStart; fly: MechanizedMarksman_AbilityJumpBusy; Dust: Jet_Dust,,,,,
,,,,,,,,,,,,,,,,,,,,,,,,,,,,,
PS_Hover,4040,jungle,,96,,,1.4 nocancel,,30,0,,default,/,/,,,,,,action,none,,,switch = Power_Sniper_Hover,,,,,
PS_Descend,4041,jungle,,97,,,2.6 nocancel,,30,0,,default,/,/,,,,,,action,none,,,switch = default,,,,,
,,,,,,,,,,,,,,,,,,,,,,,,,,,,,
//ARTILLERY TERRITORY BASE,,,,,,,,,,,,,,,,,,,,,,,,,,,,,
Territory_Base_Artillery_Strike,4048,jungle,,/,,,,,5,infinite,1,default,/,/,,,,,hidden,fire,area,,8,weapon = Territory_Base_Artillery_Shot,destinationMarker = type: MissileCluster; radius: effectRadius,,,,
,,,,,,,,,,,,,,,,,,,,,,,,,,,,,
//PLATFORM GUNSHIP,,,,,,,,,,,,,,,,,,,,,,,,,,,,,
Platform_Gunship_Deploy,4060,jungle,,/,,,,,40,infinite,1,default,/,/,,,,,hidden,fire,area,,,weapon = Invisible_Gunship_Arrival_Shot 0,destinationMarker = type: MissileNuke; radius: effectRadius,,,,
Remote_Gunship_Deploy,4055,jungle,,28,afterunlockelite,,,,,0,,/,,,,,,,,no order,area,range: 50; requiremaxrange,4,proxyability = (range: 10000; unittype: Territory_Platform_Gunship; ability: Platform_Gunship_Deploy),,,,,
,,,,,,,,,,,,,,,,,,,,,,,,,,,,,
// MOBILE TURRET,,,,,,,,,,,,,,,,,,,,,,,,,,,,,
Mobile_Turret_Deploy,4042,jungle,,132,,,,,/,infinite,,/,/,/,,50,,,,abilitystate,area,range: 0; tile: (requireFlat; notBlocked; radius: 2),,deploybastion = switchType:Turret_Deployed; bastionType: exosuit_fortification; switchBackAbility: Mobilize_Turret,,,,,
Mobile_Turret_Mobilize,4043,jungle,,113,,,0.5 nocancel,,/,0,,/,/,/,,,,,,no order,none,,,switch = default,,,,,
,,,,,,,,,,,,,,,,,,,,,,,,,,,,,
// Mk.II MARAUDER,,,,,,,,,,,,,,,,,,,,,,,,,,,,,
MkII_Marauder_Chainsaw_Attack,87,jungle,,45,,,,,40,5,,default,/,/,,,,,,no order,none,,,changeweapon = MkII_Chainsaw 2,,,,,
MkII_Marauder_Missile_Barrage,38,jungle,,19,,,,,40,infinite,1,default,/,/,,,,,,fire,area,,weapon: burst,weapon = MkII_Missile_v2 1,,,,,
MkII_Marauder_Jump,43,jungle,,72,,,,,10,infinite,/,default,/,/,,,,,,abilitystate,area,range: 30; tile: (maxRange; requireMaxRange; maxHeightDifference; requirePlayable; notBlocked; autoadjustwall; viewGridBorder: 2),,jump = effectTimeline: autocannon; takeOff: HoverCannon_AbilityJumpStart; Dust: Jet_Dust,,,,,
MkII_Marauder_Missile_Pods,4029,jungle,,46,,18,,,/,0,,/,3,/,,100,,OnUnlock,unlockable,no order,none,,,switch = MkII_Marauder_Missiles,,,,,
MkII_Marauder_Missile_Pods_Active,4030,jungle,,46,,18,,,/,0,,/,3,/,,,,,hidden,no order,none,,,,,,,,
MkII_Marauder_Chainsaws,4031,jungle,,92,,20,,,/,0,,/,3,/,,100,,OnUnlock,unlockable,no order,none,,,switch = MkII_Marauder_Chainsaws,,,,,
MkII_Marauder_Chainsaws_Active,4032,jungle,,92,,20,,,/,0,,/,3,/,,,,,hidden,no order,none,,,,,,,,
,,,,,,,,,,,,,,,,,,,,,,,,,,,,,
Jungle_Mind_Control,4064,jungle,,152,,,,,5,/,1,default,,,,,,,,fire,unit,range: 999; unit: (alliance: any),1,weapon = Jungle_Mind_Control_Shot 1,,,,,
,,,,,,,,,,,,,,,,,,,,,,,,,,,,,
// VENATOR,,,,,,,,,,,,,,,,,,,,,,,,,,,,,
Venator_Bug_Jump,4011,jungle,,/,,,2 nocancel,,15,infinite,/,default,,/,,,,,,abilitystate,area,range: 30,,jump = effectTimeline: venator_bug; configId: 0;  takeOff: Venator_Jump;  actionOnTimeline: (ability: Venator_Bug_Land; timelinePos: 1),,,,,
Venator_Bug_Land,4012,jungle,,/,,,,,/,/,1,,/,/,,,,,hidden,fire,none,,,weapon = Venator_Jump_Impact,,,,,
,,,,,,,,,,,,,,,,,,,,,,,,,,,,,
// TUNNELER,,,,,,,,,,,,,,,,,,,,,,,,,,,,,
Tunneler_Burrow,4051,jungle,,81,,,3 nocancel,,/,0,,default,/,/,,,,,,no order,none,,,switch = default,,,,,
Tunneler_Surface,4052,jungle,,81,,,1 nocancel,,/,0,,default,/,/,,,,,,no order,none,,,switch = default,,,,,
King_Tanker_Roar,4066,jungle,,184,,,,,20,infinite,1,default,/,/,,,,,hideWiki,fire,none,,,weapon = Tanker_Roar,,,,,
King_Tanker_Bite,4067,jungle,,185,,,,,20,infinite,1,default,/,/,,,,,hideWiki,fire,unit,unit: (alliance: enemy),,changeweapon = Scorpion_Claw_Crush_Shot,,,,,
,,,,,,,,,,,,,,,,,,,,,,,,,,,,,
Herbivore_Aggro,4065,jungle,,,,,,,,3,,,,,,,,OnHealth(-90),,no order abilitystate,none,,,hitpoints = set 100%,,,,,Herbivore_Switch
Herbivore_Switch,4068,jungle,,,,,,,,,,,,,,,,,,no order,none,,,switch = default,,,,,
,,,,,,,,,,,,,,,,,,,,,,,,,,,,,
// PROTOTYPES,,,,,,,,,,,,,,,,,,,,,,,,,,,,,
,,,,,,,,,,,,,,,,,,,,,,,,,,,,,
Test_FiringArc_Deploy,1015,base,,112,,,1.4 nocancel,,0,,,,,,,,,,,action,direction,range: 2,4,switch = default,,,,,
Test_FiringArc_Redeploy,1016,base,,147,,,1.4 nocancel,,0,,,,,,,,,,,action,direction,,4,switch = default,,,,,Test_FiringArc_Deploy
Test_FiringArc_Undeploy,1017,base,,113,,,1.4 nocancel,,0,,,,,,,,,,,no order,none,,,switch = default,,,,,
,,,,,,,,,,,,,,,,,,,,,,,,,,,,,
// TAC WING DIRECTOR,,,FleetDLC,,,,,,,,,,,,,,,,,,,,,,,,,,
TAC_Director_Default,2037,,FleetDLC,104,,,5 nocancel,,/,0,,default,/,/,,,,,,no order,none,,,switch = TAC_Director,,,,,
TAC_Director_A,2038,,FleetDLC,105,,,5 nocancel,,/,0,,default,/,/,,,,,,no order,none,,,switch = TAC_Director_A,,,,,
TAC_Director_B,2039,,FleetDLC,106,,,5 nocancel,,/,0,,default,/,/,,,,,,no order,none,,,switch = TAC_Director_B,,,,,
TAC_Director_C,2048,,FleetDLC,106,,,5 nocancel,,/,0,,default,/,/,,,,,,no order,none,,,switch = TAC_Director_B,,,,,
Support_Drop_Crate,2040,,FleetDLC,22,,,,,40,infinite,1,default,/,/,,,,,,fire,area,,,weapon = Support_Drop_Crate_Projectile 1,,,,,
Support_Drop_Crate_Modifier,2041,,FleetDLC,/,,,,,/,15,,default,/,/,,,,OnSpawn,hidden,no order,none,,8,stat_aoe = repair 50%; affects: friendly,,,,,
Ammo_Drop_Crate,2042,,FleetDLC,22,,,,,40,infinite,1,default,/,/,,,,,,fire,area,,,weapon = Ammo_Drop_Crate_Projectile 1,,,,,
Ammo_Drop_Crate_Modifier,2043,,FleetDLC,/,,,,,/,15,,default,/,/,,,,OnSpawn,hidden,no order,none,,8,stat_aoe = timeBetweenAttacks 30%; affects: friendly,,,,,
Ammo_Drop_Crate_Explode,2047,,FleetDLC,/,,,,,/,infinite,1,,,/,,,,OnIdle,hidden,fire,none,,,weapon = Ammo_Drop_Crate_Burst,,,,,
Marines_Grenade_Barrage,2049,,FleetDLC,3,,,,,30,infinite,5,default,3,/,,30,,OnUnlock,unlockable,fire,area,,,weapon = Morita_MkII_Volley,,,,,
Hover_Missile_Launcher_Droner,2050,,FleetDLC,76,,34,,,/,0,,/,3,/,,30,,OnUnlock,unlockable,no order,none,,,switch = Hover_Missile_Launcher_Droner,,,,,
Hover_Missile_Launcher_Droner_Active,2051,,FleetDLC,76,,34,,,/,0,,/,3,/,,,,,hidden,no order,none,,,,,,,,
fuel_depot_switch,2052,,FleetDLC,101,,,15,,/,0,,default,/,/,,,,,,no order,none,,,switch = Jet_Fuel_Depot,,,,,
,,,,,,,,,,,,,,,,,,,,,,,,,,,,,
Tesla_Boost,3440,,UnitPrototyping,19,,,,,30,10,,/,/,/,,,,,,action,unit,radius: 15; unit: (alliance: friendly),/,stat = attack 150%; shock 500% ; range 200% ; affects: friendly ; filter: tesla_troopers,// stat = speed 1%,// changeweapon = Tesla_Charging,,,
Switch_E-Bomber_Direct,3441,,UnitPrototyping,49,,,1,,/,0,,,,,,,,,,action,none,,,switch = default,,,,,
Switch_E-Bomber_Indirect,3442,,UnitPrototyping,48,,,1,,/,0,,,,,,,,,,action,none,,,switch = default,,,,,
Orbital_Defence_Strike,3456,wip,FrostDLC,83,,,,,30,infinite,1,,,,,,,,,fire,area,,,weapon = Orbital_Defence_Plasma,plasmaStrikeMarker = type: PlasmaStrike; radius: effectRadius; minimap: PlasmaStrike; minimapColor: 129 111 233; notification: notification_plasma_warning; voiceClip: plasma_warning,,,,
Orbital_Defence_Scripted,3457,wip,FrostDLC,83,,,,,/,infinite,1,,,,,,,,editorOnly,fire,area,,,weapon = Plasma_Orbital,,,,,
,,,,,,,,,,,,,,,,,,,,,,,,,,,,,
// PSI OPS,,,UnitPrototyping,,,,,,,,,,,,,,,,,,,,,,,,,,
Heightened_Awareness,25,,UnitPrototyping,/,,,,,100,5,,default,,,,,,,,action,area,radius:200,20,reveal = (),,,,,
Spawn_FIB,10,,UnitPrototyping,33,,,,,60,0,,default,,,,,,,useSpawnTypeCost,action,area,radius: 15; tile: (requireTileCenter),12,deploy = Intel_Bugs,,,,,
,,,,,,,,,,,,,,,,,,,,,,,,,,,,,
// NATIVE HUNTERS,,,UnitPrototyping,,,,,,,,,,,,,,,,,,,,,,,,,,
Hunters_Burry,1010,,UnitPrototyping,45,,,,,5,infinite,,,,,,,,,,no order,none,,,switch = default,,,,,
Hunters_Unburry,1011,,UnitPrototyping,19,,,,,5,infinite,,,,,,,,,,no order,none,,,switch = default,,,,,
,,,,,,,,,,,,,,,,,,,,,,,,,,,,,
WIP_Imulator_Trigger,3434,,UnitPrototyping,40,,23,,,5,infinite,1,default,,/,,,,OnThreatInRangeWIP(20),,fire,self,,,weapon = P_Spaker_Explode,,,,,
